Anomaly Class,"Well Outcome
 (Success/Fail)",Initial Pg (geological),DHI Index After Data Adjustement,Calibrated Pg,Data Quality Composite,Data Quality Seismic,Data Quality Rock and Fluid,Amplitude change (as viewed on stacked P wave seismic data),Consistency within mapped target area (on stacked data),Are unexplained anomalies seen on stacked data outside closure (within same stratigraphic sequence) ?,Downdip conformance (fit to closure) based on far-offset or stacked data,Lateral conformance based on far-offset or stacked data,Flat Spots indicating fluid contacts,Phase or character change at the downdip edge of the anomaly ('tuning' or interference effect caused by a change in fluid content),Signature match vs expected (polarity and shape),"Interval velocity of the anomaly (from acoustic impedance inversion, horizon velocity analysis, etc.)",Amplitude correspondence with fluid substitution modeling on stacked data  (1-D modeling),Use of shear wave seismic data,"AVO observations using gathers, angle stacks, near-mid-far volumes, or windowed (gated) amplitudes",Change in AVO compared to model (wet vs HC filled),"Excluding possible stacked pays, is the AVO effect anomalous compared to reflectors above and below?",Is the AVO effect anomalous compared to the same event outside closure?,How well defined is the background trend?,How distinct is the anomaly from the background trend?,Can the differences from background be explained by hydrocarbon substitution modeling?,Multiple stacked indicators on the same trap (same stratigraphic sequence)?,Similar indicators on other parts of closure?,Velocity pull-down,Amplitude and frequency shadow beneath anomaly (may be evident at different spectral decomposition frequencies),Have indicators been proven nearby? (true positive),Have indicators been disproved nearby? (false positive),Sealing capacity for interpreted Column Height (CH) of this anomaly,"At the anomaly level, how confident are you of preservation? (no late fault movement, breaching, tilting)"
3,NA(),0.2,NA(),NA(),NA(),NA(),NA(),0,0,0,0,0,0,0,0,0,0,0,0,0,0,0,0,0,0,0,0,0,0,0,0,0,0
2,NA(),0.35,-0.018430127,0.233139738,0.646744548,0.533489097,0.76,5,5,5,5,5,5,3,4,5,5,5,2,4,3,3,0,0,0,2,3,2,1,4,5,3,3
4,0,0.27,0.031014876,0.280037194,0.732953488,0.843853821,0.507792208,0,0,0,3,0,0,0,0,0,0,0,0,0,0,0,0,0,0,0,0,0,0,0,0,0,0
2,0,0.16,-0.090196833,0.078001514,0.855135417,0.8609375,0.849333333,0,0,0,0,0,0,0,0,0,0,0,0,0,0,0,0,0,0,0,0,0,0,0,0,0,0
3,1,0.36,0.092253782,0.539593875,0.653556694,0.621487603,0.718666667,4,3,4,3,4,2,2,3,2,2,3,0,0,0,0,0,0,0,5,1,1,1,4,5,5,4
3,0,0.17,0.121140502,0.473801702,0.681242645,0.662809917,0.718666667,4,2,3,4,3,2,2,4,2,2,3,4,4,4,3,0,0,0,5,1,1,1,1,5,4,5
3,1,0.17,0.123788245,0.482627511,0.709996694,0.721487603,0.686666667,4,4,2,3,4,2,2,4,2,3,3,4,4,4,4,4,4,0,1,1,1,1,3,5,4,4
3,1,0.36,0.066231996,0.454738468,0.736614545,0.745454545,0.718666667,4,4,2,4,5,3,2,3,2,2,3,3,3,3,4,0,0,0,1,1,1,1,1,3,5,3
3,0,0.16,0.058631387,0.262864947,0.760266116,0.770247934,0.74,4,4,3,3,3,2,2,3,2,2,3,3,3,3,3,0,0,0,1,3,1,1,5,5,5,3
3,1,0.16,0.189212948,0.702526987,0.681242645,0.662809917,0.718666667,4,4,4,3,4,2,2,4,2,2,3,4,4,4,4,4,4,4,1,1,1,1,2,5,5,5
3,1,0.26,0.223669946,0.809793711,0.816947438,0.801652893,0.848,4,3,2,4,4,4,5,3,2,2,3,4,5,4,4,0,0,0,1,1,1,1,1,5,4,4
3,0,0.16,0.202654719,0.730530679,0.426604959,0.567768595,0.14,5,4,5,5,5,5,4,3,4,2,3,0,0,0,0,0,0,0,5,1,3,1,1,5,5,5
3,1,0.18,0.255259722,0.817037344,0.660233058,0.785123967,0.406666667,5,4,4,5,5,5,5,3,2,2,3,4,4,4,4,0,0,0,4,1,4,2,1,5,3,2
2,1,0.1,0.112406671,0.374688923,0.654645833,0.590625,0.718666667,4,4,4,3,0,0,4,4,4,5,0,0,0,0,0,4,4,4,1,0,0,0,0,0,0,0
3,1,0.15,0.217282072,0.754564166,0.687923306,0.778512397,0.504,5,4,4,5,5,4,4,3,2,2,3,4,3,3,4,0,0,0,5,1,1,1,1,5,4,5
3,1,0.18,0.173014134,0.671089828,0.686602314,0.704958678,0.649333333,4,4,5,4,2,2,2,3,2,2,3,4,4,4,4,4,4,4,1,1,1,1,1,5,4,3
3,0,0.19,0.11190597,0.463019878,0.677484628,0.609917355,0.814666667,5,4,5,3,4,2,2,3,2,2,3,0,0,0,0,0,0,0,1,1,1,1,4,4,4,4
3,1,0.36,0.376991928,0.911980152,0.617774215,0.687603306,0.476,5,5,5,5,5,4,4,4,5,3,3,4,4,4,4,0,0,0,5,5,1,1,4,5,4,4
3,0,0.16,0.017526655,0.176908314,0.786695868,0.776859504,0.806666667,4,4,4,1,4,2,2,3,2,2,3,2,3,3,3,4,3,2,1,1,1,1,1,5,4,4
3,1,0.43,0.196104363,0.806193411,0.633425124,0.596694215,0.708,4,3,5,4,4,2,2,3,2,2,3,4,5,5,4,0,0,0,1,3,1,1,5,4,4,4
3,1,0.38,0.165381715,0.744545221,0.633425124,0.596694215,0.708,4,3,5,4,4,2,2,3,2,2,3,4,3,5,4,0,0,0,1,3,1,1,5,4,4,4
3,1,0.16,0.1636796,0.632443368,0.696390744,0.680165289,0.729333333,4,4,3,3,4,2,2,4,2,4,3,4,4,4,4,0,0,0,1,1,1,1,5,3,5,4
3,0,0.28,0.188561425,0.761403561,0.703044959,0.667768595,0.774666667,4,4,3,3,3,2,2,4,2,2,3,4,4,4,4,4,5,0,4,4,1,1,5,4,5,4
3,1,0.29,0.201100811,0.797752023,0.762283306,0.778512397,0.729333333,4,4,4,3,4,3,4,3,2,2,3,4,3,4,4,2,3,3,1,1,1,1,4,4,5,5
3,0,0.15,-0.017896758,0.127629057,0.564202645,0.662809917,0.364,4,3,2,3,3,2,1,4,3,2,3,3,4,3,4,0,0,0,4,1,1,1,1,4,4,4
3,0,0.1,-0.110150911,0.057070993,0.564202645,0.662809917,0.364,4,3,2,3,3,2,1,4,3,2,3,0,0,0,0,0,0,0,5,1,1,1,1,1,4,4
3,0,0.12,-0.101280048,0.065104738,0.514922645,0.662809917,0.214666667,4,3,2,2,2,2,1,3,3,2,3,0,0,0,0,0,0,0,5,1,1,1,1,5,4,4
3,1,0.49,0.031293094,0.469982296,0.727438347,0.710743802,0.761333333,2,2,4,3,5,2,2,3,3,2,3,4,3,3,3,0,0,0,1,1,1,1,1,4,4,4
3,1,0.11,0.214557201,0.728546917,0.821462149,0.876033058,0.710666667,4,5,3,3,3,2,1,4,2,3,3,4,2,5,5,0,0,0,1,1,1,3,1,5,5,5
3,0,0.15,0.104473725,0.398245752,0.723571901,0.682644628,0.806666667,4,2,3,2,3,2,2,4,2,2,3,4,4,4,4,0,0,0,1,1,1,1,5,5,5,5
3,0,0.28,0.217565566,0.808478475,0.467657851,0.523966942,0.353333333,5,5,4,4,5,2,2,4,4,2,3,4,0,4,5,4,5,0,4,4,2,5,1,5,5,4
3,0,0.24,-0.005471278,0.183962762,0.709393058,0.685123967,0.758666667,3,3,2,3,3,4,2,3,2,2,3,3,3,3,3,0,0,0,1,1,1,2,4,4,5,4
4,0,0.26,0.142309755,0.635774374,0.875740476,0.898333333,0.82987013,4,3,5,4,2,2,2,3,2,2,3,0,0,0,0,0,0,0,4,1,1,1,5,4,5,5
3,0,0.08,0.053118113,0.168897644,0.803139504,0.81322314,0.782666667,4,4,3,3,3,2,2,4,2,3,3,4,4,4,3,4,4,4,1,1,1,1,1,5,2,4
3,0,0.32,0.116957031,0.596740723,0.765337851,0.723966942,0.849333333,4,3,2,3,5,2,3,4,2,2,3,4,4,4,4,0,0,0,1,1,1,1,5,3,5,4
3,0,0.45,0.279760718,0.865352213,0.816824132,0.823140496,0.804,4,4,5,5,5,4,4,3,2,2,3,4,4,4,4,4,4,4,1,1,1,1,5,4,4,1
3,0,0.11,-0.013697806,0.112877741,0.600382479,0.733884298,0.329333333,4,3,3,1,3,2,1,3,2,2,3,4,3,3,3,0,0,0,5,1,1,1,1,5,5,4
3,0,0.16,0.123697691,0.472325653,0.77213124,0.766942149,0.782666667,4,3,3,2,4,2,2,4,2,3,3,4,4,4,3,0,0,0,2,3,1,2,4,4,5,4
2,1,0.23,-0.046110738,0.13119188,0.841947917,0.8265625,0.857333333,0,0,0,0,0,0,0,0,0,0,0,0,0,0,0,0,0,0,0,0,0,0,0,0,0,0
2,1,0.13,-0.03428518,0.098911814,0.804885417,0.8484375,0.761333333,0,0,0,0,0,0,0,0,0,0,0,0,0,0,0,0,0,0,0,0,0,0,0,0,0,0
2,0,0.12,-0.028399047,0.099809974,0.538489583,0.6703125,0.406666667,0,0,0,0,0,0,0,0,0,0,0,0,0,0,0,0,0,0,0,0,0,0,0,0,0,0
2,0,0.12,-0.043414298,0.092659861,0.648583333,0.7625,0.534666667,0,0,0,0,0,0,0,0,0,0,0,0,0,0,0,0,0,0,0,0,0,0,0,0,0,0
2,0,0.1,-0.013174062,0.108532429,0.533802083,0.6609375,0.406666667,4,2,3,2,3,2,2,3,2,2,3,4,3,3,4,0,0,0,3,1,1,1,1,5,4,2
3,1,0.15,0.229574174,0.77914834,0.755638678,0.768595041,0.729333333,5,4,5,3,4,2,3,4,2,4,3,4,5,3,4,0,0,0,2,1,1,1,5,4,5,4
3,0,0.29,0.193417773,0.778544426,0.815321322,0.831404959,0.782666667,4,4,4,3,3,2,1,4,2,4,3,4,4,4,4,4,4,3,4,4,1,1,4,3,5,3
3,1,0.14,0.14922747,0.556137383,0.688441983,0.747107438,0.569333333,4,2,5,4,5,2,3,3,2,3,3,4,3,4,4,0,0,0,1,1,1,1,1,5,4,3
2,0,0.3,0.003618774,0.234046951,0.738239583,0.7578125,0.718666667,4,2,2,2,4,2,3,4,4,2,3,3,4,4,4,0,0,0,4,1,1,1,5,4,4,5
2,0,0.3,-0.02924373,0.178618088,0.711572917,0.7578125,0.665333333,4,2,2,2,4,2,3,4,4,2,3,3,4,4,4,0,0,0,4,1,1,1,5,4,4,5
3,1,0.11,0.162574783,0.577873945,0.710550413,0.72231405,0.686666667,4,4,2,4,3,2,2,4,2,2,3,4,0,5,5,0,0,0,1,1,1,1,5,4,4,5
3,1,0.42,0.318289995,0.888033807,0.826523306,0.778512397,0.924,4,3,5,4,5,5,4,4,4,2,3,4,4,3,3,0,0,0,1,4,1,1,4,4,5,4
3,1,0.23,0.136227056,0.605567634,0.719369587,0.67768595,0.804,4,3,3,2,3,2,2,4,2,4,3,4,4,5,4,4,4,4,1,3,1,1,5,4,5,5
2,0,0.13,0.113107949,0.4070265,0.691885417,0.6984375,0.685333333,4,4,4,4,3,2,2,4,5,0,0,0,0,0,0,0,0,0,1,1,1,1,5,4,5,4
3,1,0.16,0.256501287,0.812813282,0.746305124,0.796694215,0.644,4,4,4,4,3,2,3,3,2,3,3,4,4,4,5,0,0,0,1,3,1,1,5,4,5,3
3,1,0.22,0.236428022,0.812767506,0.677327273,0.672727273,0.686666667,4,5,5,5,5,3,2,4,2,2,3,4,4,4,4,4,4,4,1,5,1,2,1,2,4,3
3,0,0.25,0.106196098,0.504784405,0.697082645,0.662809917,0.766666667,4,3,3,2,4,2,2,4,2,4,3,4,4,4,4,0,0,0,2,1,1,1,5,3,5,3
3,1,0.1,0.091170169,0.30390057,0.744202975,0.720661157,0.792,3,3,4,1,3,2,1,4,2,3,3,4,4,4,4,0,0,0,1,3,1,1,4,4,5,5
2,1,0.38,0,0.289285719,0.842239583,0.8578125,0.826666667,1,1,1,1,1,1,1,1,1,1,1,0,0,0,0,0,0,0,1,1,1,1,1,1,1,1
3,0,0.15,0.056510791,0.247173697,0.516127934,0.588429752,0.369333333,5,4,5,1,3,2,1,4,5,3,3,0,0,0,0,0,0,0,5,1,3,3,4,5,5,2
3,NA(),0.35,0.337250233,0.891774356,0.83201157,0.824793388,0.846666667,5,4,5,2,4,5,5,4,2,5,3,4,4,3,3,4,4,4,5,4,1,2,5,3,5,3
3,1,0.21,0.189622,0.729054987,0.819315372,0.790082645,0.878666667,4,4,3,3,4,2,2,4,2,3,3,4,4,4,4,0,0,0,4,1,1,1,5,5,4,4
1,1,0.15,0.066178225,0.274794936,0.638133333,0.6176,0.658666667,4,2,3,2,1,2,4,4,2,3,4,3,4,3,0,0,0,NA(),1,3,1,1,4,4,4,3
3,1,0.25,0.277248591,0.842030346,0.725713919,0.79222973,0.590666667,5,4,5,4,3,4,3,4,2,4,3,4,4,4,4,0,0,0,1,1,1,4,4,2,5,5
2,1,0.33,0.143696666,0.672153175,0.681958333,0.58125,0.782666667,5,4,4,4,NA(),2,3,4,3,2,3,0,0,0,0,0,0,0,5,1,1,1,5,4,5,5
3,0,0.12,-0.067371666,0.081251584,0.589278347,0.710743802,0.342666667,3,2,2,1,4,2,2,4,2,2,3,3,3,3,3,0,0,0,1,1,1,1,1,5,3,4
3,0,0.25,0.044137046,0.297842622,0.751961322,0.831404959,0.590666667,5,3,4,3,2,3,1,4,3,2,3,4,3,3,3,0,0,0,1,1,1,1,2,3,5,4
3,1,0.3,0.21370247,0.808564067,0.72138876,0.833057851,0.494666667,5,4,4,5,2,3,2,4,3,2,3,4,3,4,4,3,3,3,1,1,1,3,3,3,4,5
3,NA(),0.34,-0.207276359,0.078297958,0.678948099,0.617355372,0.804,2,1,1,1,1,1,1,3,4,2,3,0,0,0,0,0,0,0,1,1,1,1,5,5,4,5
3,1,0.09,0.234683186,0.742805302,0.656989421,0.748760331,0.470666667,5,4,3,2,3,3,5,4,4,3,3,4,3,5,5,3,3,3,4,4,5,4,1,5,4,4
3,1,0.09,0.221769378,0.721282303,0.656989421,0.748760331,0.470666667,4,3,3,2,3,3,5,4,5,3,3,4,3,5,5,3,3,3,4,4,5,4,1,5,4,4
3,1,0.27,0.194308504,0.770771265,0.752949752,0.80661157,0.644,4,4,3,4,2,2,4,4,3,3,3,4,4,4,4,4,4,NA(),2,2,1,1,4,3,4,4
3,0,0.13,-0.041607622,0.095424935,0.701850248,0.79338843,0.516,4,2,3,2,1,2,4,4,2,3,3,3,4,3,2,3,2,2,3,2,1,1,4,3,4,4
3,0,0.15,-0.026276242,0.117154703,0.685189752,0.80661157,0.438666667,4,2,4,2,1,2,4,3,1,3,4,3,3,3,3,3,3,NA(),1,1,1,1,2,3,4,4
3,0,0.18,0.002460895,0.168076128,0.637727273,0.672727273,0.566666667,3,3,3,3,2,2,1,4,2,2,3,4,3,3,3,2,3,3,4,4,1,1,1,5,3,3
3,1,0.15,0.136917338,0.509586692,0.673292893,0.656198347,0.708,4,3,4,2,3,2,4,4,3,4,3,4,3,0,0,0,0,0,4,4,1,3,5,2,5,4
3,1,0.39,0.155973613,0.728517592,0.635244628,0.609917355,0.686666667,4,4,4,4,3,3,4,4,2,2,3,3,3,3,3,3,3,3,4,5,1,1,5,5,4,3
2,1,0.56,0,0.493103445,0.830364583,0.8140625,0.846666667,1,1,1,1,1,1,1,1,1,1,1,0,0,0,0,0,0,0,1,1,1,1,1,1,1,1
3,0,0.15,0.021850327,0.177312911,0.64955405,0.758677686,0.428,4,2,3,2,3,2,1,4,4,2,3,4,3,4,3,0,0,0,1,3,1,1,4,4,4,3
2,1,0.25,0,0.194117635,0.81278125,0.8015625,0.824,1,1,1,1,1,2,1,1,1,2,1,1,1,1,1,1,1,1,1,1,1,1,1,1,1,1
3,1,0.25,0.123103507,0.572414041,0.76263405,0.758677686,0.770666667,4,3,4,3,4,3,1,4,3,3,3,4,3,3,3,4,3,4,3,1,1,1,4,4,5,4
2,0,0.25,0,0.194117635,0.779083333,0.7875,0.770666667,1,1,1,1,1,2,1,1,1,2,1,1,1,1,1,1,1,1,1,1,1,1,1,1,1,1
3,1,0.41,0.285371661,0.864678979,0.794082314,0.804958678,0.772,4,4,5,4,3,2,3,4,2,3,3,4,4,4,4,0,0,0,1,1,1,1,5,5,5,3
3,0,0.05,0.053499002,0.135623753,0.530524628,0.609917355,0.369333333,4,4,4,3,3,2,1,4,3,2,3,0,0,0,0,0,0,0,5,1,1,1,1,5,4,5
1,0,0.14,-0.098700002,0.070142858,0.7896,0.7232,0.856,0,0,0,0,0,0,0,0,0,0,0,0,0,0,0,0,0,0,0,0,0,0,0,0,0,0
2,1,0.5,0,0.400000006,0.779197917,0.6890625,0.869333333,1,1,1,1,1,1,1,1,1,1,1,0,0,0,0,0,0,0,1,1,1,1,1,1,1,1
2,1,0.33,0.091862939,0.523827076,0.63690625,0.7578125,0.516,5,5,5,3,1,2,2,4,3,2,3,3,3,0,0,0,0,0,3,1,1,1,5,4,5,2
3,0,0.05,0.111189514,0.224758074,0.671968595,0.704132231,0.606666667,4,3,4,1,3,3,3,5,3,5,3,4,5,4,3,4,4,4,1,1,1,1,3,4,4,4
2,1,0.2,0,0.175000012,0.761677083,0.8046875,0.718666667,1,1,1,1,1,2,1,1,1,2,1,1,1,1,1,1,1,1,1,1,1,1,1,1,1,1
3,1,0.23,0.164621681,0.676554203,0.668785455,0.754545455,0.494666667,5,3,5,4,5,2,3,4,2,3,3,4,4,4,4,3,3,3,3,4,1,1,2,5,5,3
3,NA(),0.33,-0.134931162,0.098328426,0.58588595,0.641322314,0.473333333,4,2,2,2,3,2,1,4,5,2,3,0,0,0,0,0,0,0,1,2,1,1,1,5,5,3
3,NA(),0.33,0.038702432,0.344256103,0.58588595,0.641322314,0.473333333,4,4,3,5,3,2,1,4,5,2,3,0,0,0,0,0,0,0,1,3,1,2,4,5,5,3
3,1,0.35,0.099754959,0.556442738,0.61752562,0.583471074,0.686666667,4,3,4,3,5,2,3,3,2,2,3,3,3,2,3,0,0,0,3,1,1,1,4,4,5,4
3,1,0.41,0.139519826,0.701039672,0.61752562,0.583471074,0.686666667,4,4,4,4,3,4,3,3,2,2,3,3,3,2,3,0,0,0,4,2,1,1,4,4,5,5
2,NA(),0.56,-0.026764516,0.446957737,0.69446875,0.5609375,0.828,0,0,0,0,0,0,0,0,0,0,0,0,0,0,0,0,0,0,0,0,0,0,0,0,0,0
3,1,0.3,0.15272969,0.681824207,0.733341157,0.702479339,0.796,4,4,3,3,5,2,4,4,4,2,3,3,3,3,3,0,0,0,3,3,1,3,3,3,5,3
3,1,0.3,0.204084143,0.802552581,0.733341157,0.702479339,0.796,4,4,4,4,5,2,4,4,4,2,3,3,3,3,3,0,0,0,3,3,1,3,3,3,5,3
3,NA(),0.19,0.133940324,0.554701567,0.716959008,0.826446281,0.494666667,5,4,5,3,4,2,2,4,3,2,3,4,0,4,4,0,0,0,1,1,1,5,2,3,4,3
3,0,0.09,0.074814193,0.220048949,0.570564628,0.609917355,0.490666667,5,3,5,2,3,3,1,5,5,2,3,4,5,3,3,0,0,0,3,4,1,1,4,2,3,2
3,1,0.5,0.003776254,0.409440637,0.616932562,0.598347107,0.654666667,3,2,2,3,3,2,1,3,2,2,3,0,0,0,0,0,0,0,1,1,1,1,5,5,4,4
3,NA(),0.1,0.19425863,0.680862069,0.810615207,0.861157025,0.708,5,4,5,2,2,2,2,5,2,4,3,4,4,4,4,3,3,3,1,3,1,1,4,4,4,4
4,0,0.1,0.169135481,0.595677376,0.658738095,0.616666667,0.744155844,3,0,0,0,0,0,0,0,0,0,0,0,0,0,0,0,0,0,0,0,0,0,0,0,0,0
2,0,0.26,0.068150625,0.37264061,0.773645833,0.740625,0.806666667,3,3,1,1,1,5,5,4,4,4,3,4,5,4,4,5,1,1,5,3,4,3,4,3,4,3
2,1,0.34,0,0.262499988,0.687098958,0.71953125,0.654666667,1,1,1,1,1,1,1,1,1,1,1,0,0,0,0,0,0,0,1,1,1,1,1,1,1,1
3,1,0.5,0.257512391,0.855365992,0.593597686,0.595041322,0.590666667,5,3,5,4,5,4,5,4,2,2,3,0,0,0,0,0,0,0,1,1,1,3,5,4,5,2
3,0,0.26,0.088375427,0.443230927,0.683601983,0.747107438,0.554666667,4,3,5,3,4,2,2,4,2,3,3,4,4,3,3,0,0,0,1,1,1,1,1,5,3,3
2,1,0.25,-0.028091235,0.161069125,0.814645833,0.790625,0.838666667,0,0,0,0,0,0,0,0,0,0,0,0,0,0,0,0,0,0,0,0,0,0,0,0,0,0
3,1,0.35,0.29212743,0.862662852,0.785642645,0.762809917,0.832,4,5,4,4,5,2,4,4,2,5,3,4,5,3,3,0,0,0,1,1,1,2,4,3,5,4
2,NA(),0.05,-0.089289404,0.046842135,0.569229167,0.753125,0.385333333,5,4,4,4,1,2,3,4,3,2,3,0,0,0,0,0,0,0,5,1,1,1,5,4,5,5
3,1,0.33,0.313925207,0.874474645,0.654664132,0.623140496,0.718666667,5,4,4,4,3,4,4,4,2,2,3,0,0,0,0,0,0,0,5,3,1,3,5,4,5,5
3,0,0.05,0.121679328,0.266717345,0.612439008,0.626446281,0.584,5,4,4,2,3,2,1,5,5,2,3,5,5,3,3,3,3,3,1,1,3,5,4,2,5,3
3,1,0.36,0.218292221,0.815774143,0.648414876,0.603305785,0.74,5,4,4,4,3,2,3,4,3,2,3,0,0,0,0,0,0,0,5,1,1,1,5,4,5,5
3,1,0.17,0.152280182,0.608865321,0.616241653,0.689256198,0.468,4,4,4,4,3,3,3,4,2,2,3,4,3,3,5,0,0,0,1,3,1,1,4,4,3,4
3,0,0.1,-0.120382741,0.052198697,0.687413223,0.714049587,0.633333333,4,2,2,1,2,2,1,4,2,2,3,2,2,3,3,0,0,0,1,1,1,1,3,4,5,4
3,1,0.25,0.144623697,0.636559248,0.640900826,0.644628099,0.633333333,4,4,4,4,4,2,2,4,2,2,3,0,0,0,0,0,0,0,4,4,1,1,4,4,3,3
3,1,0.41,0.325765848,0.891789138,0.701225455,0.654545455,0.796,4,3,5,5,5,5,2,3,2,2,3,0,0,0,0,0,0,0,4,5,1,1,5,5,5,5
3,NA(),0.32,0.399652153,0.915931463,0.755955372,0.790082645,0.686666667,4,5,4,4,5,2,2,4,2,4,3,5,5,4,5,0,0,0,1,1,1,1,5,5,5,5
2,0,0.24,0.280618876,0.842886806,0.731614583,0.7765625,0.686666667,4,5,4,4,5,2,2,4,2,4,3,5,5,4,5,0,0,0,1,1,1,1,5,5,5,5
3,1,0.25,0.137818888,0.619547248,0.578250909,0.509090909,0.718666667,4,3,4,3,3,4,5,4,4,5,3,0,0,0,0,0,0,0,4,1,3,2,4,5,4,4
3,1,0.35,0.028888969,0.3347224,0.442106116,0.370247934,0.588,5,4,4,3,3,3,1,3,4,3,3,0,0,0,0,0,0,0,3,4,1,1,5,1,5,2
3,1,0.33,0.071915492,0.447458684,0.769669752,0.80661157,0.694666667,4,4,2,4,3,3,3,4,5,2,3,3,3,0,0,0,0,0,4,1,1,1,4,5,3,2
3,0,0.33,0.016105227,0.289359182,0.639002645,0.662809917,0.590666667,4,2,3,3,3,2,1,4,4,2,4,4,4,3,3,0,0,0,3,4,1,1,4,4,5,2
3,NA(),0.15,-0.202172875,0.022774821,0.52564,0.6,0.374666667,3,1,2,2,3,2,1,3,4,2,3,0,0,0,0,0,0,0,1,1,1,1,1,5,4,1
3,NA(),0.15,-0.039944787,0.100069024,0.644259174,0.755371901,0.418666667,3,3,2,3,3,2,1,5,4,2,3,4,4,3,3,0,0,0,3,1,1,1,2,5,4,2
3,0,0.33,0.022368502,0.303421259,0.679918347,0.710743802,0.617333333,4,2,2,3,3,3,1,4,5,5,3,4,4,3,3,0,0,0,4,3,2,2,2,5,5,4
3,NA(),0.15,-0.078922704,0.081465378,0.583078017,0.652892562,0.441333333,4,3,4,3,3,2,1,3,4,2,3,3,0,0,0,0,0,0,3,1,1,1,1,5,3,1
3,1,0.29,0.088776454,0.479887873,0.682715702,0.647933884,0.753333333,3,3,4,4,5,2,1,3,2,2,3,0,0,0,0,0,0,0,1,2,1,1,4,4,5,4
2,1,0.19,0.170401141,0.670259356,0.728364583,0.7140625,0.742666667,1,1,1,1,1,2,1,1,1,2,1,1,1,1,1,1,1,1,1,1,1,1,1,1,1,1
3,1,0.2,0.309989482,0.856243432,0.726054545,0.745454545,0.686666667,5,5,5,4,4,2,4,4,2,2,3,4,0,0,4,0,0,0,2,1,1,3,5,5,4,3
3,0,0.24,0.137706622,0.614266574,0.75302843,0.775206612,0.708,4,4,3,3,4,2,2,4,2,4,3,4,4,3,3,0,0,0,3,1,1,3,4,3,5,3
3,0,0.22,0.111562498,0.491294622,0.757458182,0.781818182,0.708,4,4,2,3,3,2,1,4,2,4,3,4,4,5,3,0,0,0,1,2,1,4,4,4,5,3
3,0,0.15,0.211489797,0.742979586,0.745869421,0.748760331,0.74,5,4,3,4,2,2,2,4,2,4,3,5,4,5,5,0,0,0,1,1,1,1,4,3,2,5
1,0,0.13,0.167229578,0.61887753,0.618266667,0.7552,0.481333333,5,4,5,1,3,2,5,4,2,4,3,4,4,4,4,4,4,4,1,1,1,4,4,2,5,5
2,0,0.21,0.010686406,0.192205429,0.649885417,0.6984375,0.601333333,4,3,1,1,1,2,4,3,3,4,3,5,5,4,4,5,1,1,5,3,4,3,4,3,4,3
3,0,0.15,0.033356588,0.19169575,0.618229091,0.690909091,0.470666667,4,3,3,3,3,3,1,4,4,2,3,4,4,3,3,0,0,0,4,3,1,1,2,5,4,3
3,0,0.2,0.147741795,0.619354486,0.704696529,0.692561983,0.729333333,4,4,3,1,4,2,2,4,2,4,3,4,4,4,4,0,0,0,4,1,1,2,5,4,4,3
2,0,0.21,-0.098564602,0.083848312,0.68528125,0.7265625,0.644,5,4,4,3,1,2,4,3,2,3,3,3,3,3,0,0,0,,5,1,2,3,1,5,5,2
3,0,0.15,-0.09364558,0.074454494,0.587112397,0.669421488,0.42,4,4,3,3,3,2,1,3,2,2,3,4,2,4,3,1,1,1,4,1,1,1,4,3,4,2
3,0,0.15,-0.206902683,0.020522533,0.551704132,0.623140496,0.406666667,2,3,2,4,3,2,1,3,2,2,3,1,1,3,3,0,0,0,1,1,1,1,4,3,3,1
3,0,0.14,-0.09230689,0.073187187,0.585669091,0.690909091,0.372,3,3,2,3,3,2,4,3,2,2,3,2,2,3,3,0,0,0,3,1,1,1,5,3,4,2
3,0,0.05,-0.045760065,0.067088343,0.594122645,0.662809917,0.454666667,4,2,2,2,2,2,1,3,3,2,3,4,3,3,3,0,0,0,3,1,1,3,4,4,4,4
3,0,0.15,0.04366317,0.210466206,0.71177686,0.750413223,0.633333333,4,4,4,3,2,2,1,4,3,2,3,3,3,3,3,0,0,0,2,1,1,3,1,3,5,4
2,NA(),0.39,-0.023573698,0.254183263,0.726364583,0.6140625,0.838666667,0,0,0,0,0,0,0,0,0,0,0,0,0,0,0,0,0,0,0,0,0,0,0,0,0,0
1,0,0.22,-0.095978662,0.087165751,0.599866667,0.5664,0.633333333,0,0,0,0,0,0,0,0,0,0,0,0,0,0,0,0,0,0,0,0,0,0,0,0,0,0
3,1,0.2,0.338898152,0.874311328,0.819672397,0.869421488,0.718666667,5,4,4,3,4,3,2,5,2,5,3,4,5,5,5,0,0,0,1,1,1,1,4,5,4,3
3,0,0.15,-0.095256947,0.073687166,0.619914711,0.674380165,0.509333333,3,3,2,2,3,2,2,4,3,2,3,3,3,3,3,3,3,3,3,2,1,1,3,4,3,2
3,0,0.15,0.134344533,0.497815102,0.599570579,0.651239669,0.494666667,5,4,5,4,3,3,5,5,2,5,3,3,3,3,3,3,3,3,1,1,3,3,1,5,5,2
2,1,0.31,0.213285744,0.808984756,0.722895833,0.703125,0.742666667,5,4,4,4,1,3,4,3,4,3,4,4,4,4,4,4,3,NA(),1,3,1,2,5,3,5,3
2,0,0.19,0.140510827,0.587554097,0.707875,0.74375,0.672,4,3,4,4,1,4,4,5,4,3,4,4,4,3,0,0,0,NA(),1,1,1,1,5,3,4,3
2,0,0.15,-0.109640785,0.066837728,0.58415625,0.6203125,0.548,3,1,2,2,,2,1,3,3,2,3,3,3,2,3,0,0,0,1,3,1,1,2,3,5,4
2,1,0.15,-0.117805116,0.062949941,0.665114583,0.6515625,0.678666667,3,1,2,2,,2,1,3,3,2,3,3,3,2,3,0,0,0,1,3,1,1,2,3,5,4
2,1,0.15,0,0.150000006,0.665432292,0.56953125,0.761333333,1,1,1,1,1,2,1,1,1,2,1,1,1,1,1,1,1,1,1,1,1,1,1,1,1,1
3,0,0.15,-0.06870348,0.08633168,0.584867769,0.659504132,0.433333333,4,2,3,2,2,2,1,3,3,2,3,3,3,3,3,0,0,0,1,1,1,1,1,4,3,3
3,0,0.19,-0.14858976,0.055909641,0.518964628,0.509917355,0.537333333,1,1,2,3,3,3,1,3,2,2,3,3,0,0,0,0,0,0,1,1,1,1,1,5,3,2
2,1,0.19,-0.018576635,0.146779209,0.610552083,0.5984375,0.622666667,0,0,0,0,0,0,0,0,0,0,0,0,0,0,0,0,0,0,0,0,0,0,0,0,0,0
3,1,0.28,0.12177486,0.592053056,0.725100165,0.72892562,0.717333333,4,2,4,3,5,3,2,5,2,3,3,3,3,3,3,3,3,3,5,4,1,1,3,3,4,3
3,1,0.3,0.368001312,0.902759075,0.76161157,0.824793388,0.633333333,5,4,4,4,5,3,3,4,3,4,3,5,4,5,5,4,4,4,5,4,1,2,3,3,3,3
2,1,0.15,-0.010566055,0.136792436,0.681510417,0.7296875,0.633333333,4,4,3,2,2,3,3,2,1,3,0,0,0,0,0,0,0,NA(),1,1,1,1,4,4,4,3
2,0,0.14,-0.016048569,0.124939285,0.669791667,0.70625,0.633333333,4,4,3,2,2,3,3,2,1,3,0,0,0,0,0,0,0,NA(),1,1,1,1,4,4,4,3
3,1,0.25,0.105221681,0.500886738,0.716206612,0.757024793,0.633333333,4,2,4,2,2,3,3,4,3,2,3,4,3,4,4,0,0,0,4,1,1,2,4,3,5,3
3,1,0.25,0.174492106,0.711230278,0.69769686,0.750413223,0.590666667,5,4,4,5,2,3,4,4,3,2,3,3,3,3,3,0,0,0,4,1,1,3,5,4,5,3
3,0,0.15,0.065438189,0.272680551,0.671692231,0.740495868,0.532,4,3,3,1,1,2,4,4,3,4,3,4,4,0,0,0,0,0,3,3,3,5,5,4,5,3
3,1,0.33,0.306914926,0.870009482,0.753196364,0.763636364,0.732,5,4,3,5,3,2,4,4,3,4,3,4,4,4,5,0,0,0,5,4,3,3,4,3,4,3
3,1,0.1,0.262617022,0.801635623,0.745316694,0.821487603,0.590666667,5,4,5,1,3,2,2,4,2,4,3,5,5,5,5,5,5,5,1,1,1,4,4,2,5,5
3,0,0.05,0.068309583,0.154136986,0.70565719,0.808264463,0.497333333,5,5,4,2,2,2,1,4,3,2,3,4,3,3,4,3,3,3,1,1,1,1,1,5,3,4
2,1,0.35,0.065683924,0.442735702,0.768177083,0.7296875,0.806666667,3,3,1,1,1,5,4,5,4,4,3,4,5,4,4,5,1,1,5,3,4,3,4,3,4,3
3,1,0.33,-0.07104791,0.156144857,0.784678678,0.768595041,0.817333333,3,2,2,2,2,2,1,4,3,2,3,3,3,3,3,3,3,3,2,4,1,1,2,5,5,4
3,1,0.42,0.191132054,0.802116275,0.727517025,0.679338843,0.825333333,4,3,4,4,5,2,4,4,2,2,3,4,3,3,3,0,0,0,1,1,1,3,5,4,5,4
3,1,0.31,0.161186725,0.707772493,0.668476364,0.563636364,0.881333333,5,4,4,3,3,2,2,3,2,3,3,5,4,4,4,4,4,4,5,4,1,1,5,1,4,2
2,1,0.15,0.165417403,0.62976402,0.75475,0.7375,0.772,5,4,4,4,,2,3,4,3,2,3,0,0,0,0,0,0,0,5,1,1,1,5,4,5,5
3,1,0.4,0.25672397,0.84448266,0.74298281,0.791735537,0.644,5,4,4,3,3,2,4,4,4,5,3,5,4,4,3,4,4,4,4,2,1,3,5,4,4,3
3,0,0.33,-0.14130643,0.096167319,0.706061157,0.702479339,0.713333333,4,3,2,1,2,2,1,3,1,4,3,2,3,0,0,0,0,0,1,2,1,1,1,2,5,4
3,1,0.33,0.186650708,0.775931895,0.655752397,0.669421488,0.628,4,3,3,3,3,3,4,4,3,4,3,5,4,3,3,0,0,0,5,2,1,4,4,4,5,3
3,1,0.6,0.362694651,0.937639058,0.778429421,0.748760331,0.838666667,5,4,4,4,3,4,4,5,4,5,3,4,4,0,0,0,0,0,1,3,1,4,5,4,4,4
3,0,0.33,0.04470513,0.359262824,0.778597355,0.737190083,0.862666667,4,2,4,3,3,2,3,4,3,2,3,3,3,0,0,3,3,3,3,1,1,3,4,4,3,3
3,1,0.4,0.262785047,0.848523378,0.668646281,0.699173554,0.606666667,4,3,3,4,3,4,4,5,4,5,3,4,4,0,0,0,0,0,1,3,1,4,5,3,5,3
2,1,0.24,0,0.190476194,0.781041667,0.76875,0.793333333,1,1,1,1,1,1,1,1,1,1,1,0,0,0,0,0,0,0,1,1,1,1,1,1,1,1
3,0,0.24,0.03416666,0.265416652,0.771459504,0.81322314,0.686666667,5,4,4,3,3,2,2,4,3,4,3,3,4,2,2,0,0,0,5,1,1,1,5,4,5,1
3,1,0.25,0.235983685,0.816239834,0.76695438,0.716528926,0.869333333,4,3,4,4,4,3,2,4,2,4,3,4,4,4,4,0,0,0,1,4,1,1,4,4,3,3
3,0,0.5,0.083052933,0.586105883,0.727086612,0.657024793,0.869333333,3,2,4,3,4,2,1,4,2,2,3,3,3,3,4,0,0,0,1,4,1,1,5,4,4,3
3,1,0.15,0.21777156,0.755543113,0.649226777,0.685950413,0.574666667,4,4,4,3,3,4,4,4,5,5,3,4,4,0,0,0,0,0,1,4,1,3,4,4,5,4
3,1,0.28,0.162448362,0.696120918,0.737009917,0.73553719,0.74,5,5,4,4,3,2,2,4,2,2,3,3,0,3,0,4,2,0,4,1,1,1,5,4,5,4
3,0,0.28,-0.032142024,0.168020427,0.737009917,0.73553719,0.74,4,2,3,2,1,2,2,4,2,2,3,3,0,3,0,4,2,0,4,1,1,1,5,4,5,4
3,1,0.33,0.28665787,0.857106924,0.631170909,0.609090909,0.676,4,4,5,5,3,2,5,5,2,5,3,4,5,0,0,0,0,0,3,3,2,3,2,5,3,4
3,1,0.33,0.363725483,0.903656185,0.662599008,0.626446281,0.736,5,4,5,4,3,2,5,5,5,5,3,0,0,0,0,0,0,0,4,4,3,4,5,3,3,4
3,0,0.35,0.044671662,0.374179155,0.551119669,0.54214876,0.569333333,4,3,4,2,3,2,3,3,2,2,3,4,0,3,4,0,0,0,1,1,1,1,5,2,4,4
3,0,0.26,-0.055215333,0.133470535,0.745478347,0.710743802,0.816,3,2,2,1,4,2,1,4,3,3,3,3,3,3,4,0,0,0,1,1,1,1,4,4,3,4
3,0,0.15,0.025552703,0.181940883,0.642324959,0.667768595,0.590666667,4,3,2,3,3,2,3,4,2,5,3,0,0,0,0,0,0,0,4,3,1,1,4,3,4,4
3,0,0.05,0.055433623,0.138042033,0.722317686,0.795041322,0.574666667,4,2,3,2,3,2,1,4,2,4,3,4,4,0,0,0,0,0,3,3,1,1,4,3,5,4
2,0,0.05,-0.090514876,0.046272151,0.577041667,0.76875,0.385333333,5,4,4,4,,2,3,4,3,2,3,0,0,0,0,0,0,0,5,1,1,1,5,4,5,5
3,1,0.12,0.307294548,0.834559083,0.696470413,0.72231405,0.644,5,5,5,2,3,2,2,5,2,2,3,5,0,5,5,0,0,0,1,4,1,3,4,4,5,5
3,0,0.12,-0.01474941,0.116563238,0.672502149,0.676033058,0.665333333,3,2,2,2,3,2,2,4,2,4,3,2,3,3,3,4,4,4,2,1,1,1,4,5,5,4
2,1,0.2,0.189639822,0.724099576,0.718875,0.79375,0.644,4,5,5,5,2,2,1,5,2,5,3,3,3,3,3,0,0,0,1,4,1,1,2,5,4,4
2,1,0.4,0.181763545,0.783527076,0.74578125,0.7515625,0.74,1,1,1,1,1,1,1,1,1,1,1,0,0,0,0,0,0,0,1,1,1,1,1,1,1,1
3,NA(),0.39,-0.173316523,0.112358116,0.712820496,0.78677686,0.562666667,1,2,2,4,2,2,1,2,2,1,3,1,1,4,2,0,0,0,1,1,1,1,5,5,5,5
3,0,0.15,-0.044171404,0.098013617,0.653082645,0.662809917,0.633333333,3,2,4,2,3,2,1,4,3,2,3,3,3,2,2,0,0,0,5,5,1,1,5,3,5,4
3,1,0.6,0.2411118,0.850794137,0.726726281,0.699173554,0.782666667,4,4,5,4,3,5,5,4,4,2,3,0,0,0,0,0,0,0,1,1,1,1,5,1,5,5
3,0,0.26,0.02356234,0.253905833,0.512715372,0.490082645,0.558666667,3,4,5,1,3,4,3,3,2,2,3,0,0,0,0,0,0,0,1,1,1,1,4,3,4,4
3,1,0.33,-0.002558597,0.248785675,0.534528264,0.546280992,0.510666667,4,4,3,2,3,3,3,3,2,2,3,0,0,0,0,0,0,0,1,1,1,1,4,4,4,3
3,1,0.75,0.349410355,0.966229916,0.699193388,0.642975207,0.813333333,5,5,5,5,3,2,5,5,2,5,3,0,0,0,0,0,0,0,1,1,1,1,5,3,3,4
3,0,0.29,0.100403413,0.525529027,0.749113058,0.785123967,0.676,4,3,4,3,3,2,5,4,2,4,3,4,4,0,0,0,0,0,2,2,2,1,1,5,3,3
3,0,0.17,0.141122535,0.560612679,0.833554711,0.874380165,0.750666667,4,3,2,2,4,2,1,4,2,4,3,5,4,5,4,4,3,3,1,3,1,1,4,5,5,4
3,0,0.21,0.066572919,0.330880374,0.648277686,0.695041322,0.553333333,5,4,5,4,3,2,3,3,2,2,3,0,0,0,0,0,0,0,1,1,2,1,1,5,3,4
3,0,0.22,0.140981987,0.612454951,0.771854876,0.803305785,0.708,4,3,3,4,3,2,3,4,3,3,3,4,4,4,4,0,0,NA(),1,1,1,1,5,3,2,3
3,1,0.29,0.255999535,0.833749712,0.771854876,0.803305785,0.708,4,3,4,4,3,4,4,5,4,3,3,4,4,4,4,0,0,NA(),1,1,1,1,5,3,4,3
3,0,0.29,0.048036575,0.338555306,0.710036033,0.705785124,0.718666667,4,4,2,2,4,2,2,4,2,2,3,4,3,4,3,0,0,0,3,1,1,1,4,4,5,3
3,1,0.21,0.253459036,0.822161913,0.569451901,0.582644628,0.542666667,4,4,4,5,5,4,3,4,4,3,3,0,0,0,0,0,0,0,4,1,5,1,5,4,4,4
3,0,0.33,-0.169691741,0.086545184,0.684792397,0.669421488,0.716,2,1,2,1,1,2,1,3,3,2,3,3,3,3,3,0,0,0,1,2,1,1,3,4,5,4
3,1,0.3,0.021966016,0.279915065,0.619503471,0.607438017,0.644,4,2,4,3,3,2,2,3,3,2,3,3,3,3,3,0,0,0,1,1,1,1,2,3,5,4
2,1,0.33,0.245775178,0.831066966,0.591083333,0.6875,0.494666667,5,3,5,2,1,2,1,5,5,2,4,3,4,5,1,1,1,1,5,3,4,1,1,4,2,3
3,1,0.15,0.200250372,0.720500767,0.533559008,0.526446281,0.548,5,4,4,4,3,5,5,5,4,2,3,3,3,3,3,3,3,3,1,1,4,2,5,5,5,5
3,0,0.15,-0.058781449,0.091056459,0.693583802,0.765289256,0.548,4,2,2,3,3,2,1,4,3,2,3,3,3,3,0,0,0,0,5,3,1,1,4,3,4,4
2,NA(),0.14,-0.086186528,0.076101653,0.817114583,0.8515625,0.782666667,0,0,0,0,0,0,0,0,0,0,0,0,0,0,0,0,0,0,0,0,0,0,0,0,0,0
3,0,0.05,-0.074286565,0.0538202,0.511877686,0.695041322,0.14,3,2,2,3,3,4,3,3,3,2,3,4,4,0,0,0,0,0,1,1,2,1,1,5,3,1
3,1,0.33,0.2801781,0.85297966,0.765535537,0.719008264,0.86,5,5,4,4,3,4,4,4,5,4,3,2,2,3,3,0,0,0,1,5,2,1,5,4,4,5
2,0,0.18,-0.051560499,0.100549378,0.630833333,0.575,0.686666667,2,2,2,2,4,2,2,3,4,2,3,3,3,3,3,0,0,0,1,2,1,4,2,3,3,4
2,0,0.35,0.09796726,0.551335037,0.669416667,0.7375,0.601333333,3,3,2,3,1,4,5,5,4,4,3,4,5,4,4,4,1,1,5,4,4,3,1,1,4,3
2,1,0.35,0.101898544,0.562567234,0.669416667,0.7375,0.601333333,3,3,3,3,1,3,4,5,4,4,3,4,5,4,4,4,1,1,5,4,4,3,1,1,4,3
2,1,0.6,0.280134231,0.878667295,0.795020833,0.759375,0.830666667,5,4,3,5,1,3,4,4,3,4,3,4,4,4,5,0,0,0,5,4,3,3,4,3,4,3
2,1,0.6,0.280134231,0.878667295,0.795020833,0.759375,0.830666667,5,4,3,5,1,3,4,4,3,4,3,4,4,4,5,0,0,0,5,4,3,3,4,3,4,3
2,1,0.6,0.279033095,0.877880812,0.791895833,0.753125,0.830666667,5,4,3,5,1,3,4,4,3,4,3,4,4,4,5,0,0,0,5,4,3,3,4,3,4,3
3,1,0.36,0.283114493,0.857866526,0.77018843,0.775206612,0.76,3,2,3,4,4,5,4,4,3,3,3,4,4,4,4,0,0,0,4,1,1,1,4,4,4,4
3,1,0.35,0.105756372,0.573589623,0.77018843,0.775206612,0.76,2,2,2,2,4,3,4,4,3,3,3,4,4,4,4,0,0,0,4,1,1,1,4,4,4,4
3,1,0.25,0.061860014,0.348171473,0.766515372,0.790082645,0.718666667,4,1,2,4,1,3,1,4,2,4,3,4,4,4,4,0,0,0,1,1,1,1,2,5,4,3
2,0,0.1,-0.027404277,0.096474156,0.511666667,0.75,0.273333333,4,4,3,2,2,3,3,2,1,3,0,0,0,0,0,0,0,NA(),1,1,1,1,4,4,4,3
3,0,0.05,-0.082996756,0.049768947,0.683363967,0.694214876,0.661333333,3,2,2,2,3,2,2,4,3,2,3,3,3,0,0,0,0,0,1,1,1,1,5,1,5,2
3,0,0.15,-0.102920227,0.070037983,0.592589091,0.590909091,0.596,2,1,2,3,3,2,2,4,2,4,3,3,4,0,0,0,0,0,1,1,1,1,4,4,2,3
3,NA(),0.15,0.046893097,0.21969457,0.737326612,0.757024793,0.697333333,3,3,2,4,3,2,2,4,5,3,3,4,4,3,0,4,4,4,1,3,1,2,4,5,4,4
3,1,0.33,-0.001607983,0.250852227,0.639610579,0.651239669,0.616,5,3,2,3,3,2,2,4,4,4,3,0,0,0,0,0,0,0,5,3,2,2,4,3,4,3
3,0,0.05,-0.007371826,0.084943339,0.560884628,0.609917355,0.461333333,4,2,3,3,3,2,2,4,4,3,3,0,0,0,0,0,0,0,3,1,1,1,3,4,4,5
3,0,0.33,-0.06498754,0.161916643,0.665693884,0.629752066,0.738666667,4,2,2,3,3,2,2,3,4,4,3,0,0,0,0,0,0,0,2,3,2,2,4,3,3,3
3,1,0.33,0.082605369,0.49393639,0.696850909,0.709090909,0.672,5,2,4,3,3,2,2,5,2,4,3,5,4,0,0,0,0,0,1,1,1,1,4,2,3,3
3,1,0.33,0.087745547,0.511350155,0.795906116,0.770247934,0.848,3,2,4,3,3,2,4,3,3,2,3,5,4,3,3,4,4,4,1,1,1,1,3,3,3,4
3,1,0.15,0.129605398,0.482017994,0.506299174,0.555371901,0.406666667,4,4,4,4,3,2,1,5,5,2,3,0,0,0,0,0,0,0,1,1,1,1,5,5,5,4
3,0,0.05,0.100519925,0.194399908,0.501178512,0.639669421,0.22,4,3,2,4,4,4,5,5,2,2,3,0,0,0,0,0,0,0,5,3,2,4,1,5,5,1
3,1,0.15,0.039297022,0.199121282,0.513645289,0.525619835,0.489333333,4,3,3,3,3,2,2,4,3,3,3,0,0,0,0,0,0,0,3,2,1,1,2,5,4,5
3,0,0.05,0.019102614,0.097257033,0.572330909,0.709090909,0.294666667,4,3,3,3,4,2,1,3,2,2,3,3,3,3,4,3,3,3,2,1,1,1,1,5,3,4
3,0,0.08,0.099846877,0.278024554,0.751238678,0.768595041,0.716,4,3,3,1,2,2,1,4,3,2,3,5,5,3,5,0,0,0,1,3,1,1,5,4,5,4
3,0,0.16,-0.022012785,0.127484024,0.83351438,0.816528926,0.868,4,4,4,3,4,2,2,4,2,4,3,2,2,2,2,0,0,0,4,1,1,1,1,1,3,4
3,1,0.2,0.284089744,0.840056062,0.829084628,0.809917355,0.868,4,3,5,3,4,2,2,4,2,4,3,5,5,4,5,0,0,0,4,1,1,1,5,5,5,4
3,1,0.4,0.258794278,0.845862865,0.716324628,0.709917355,0.729333333,4,5,5,5,3,4,2,4,2,2,3,4,3,3,4,0,0,0,4,3,1,1,4,3,5,3
1,0,0.58,0,0.513793111,0.6592,0.5584,0.76,1,1,1,1,1,1,1,1,1,1,1,0,0,0,0,0,0,0,1,1,1,1,1,1,1,1
3,1,0.6,0.359655291,0.935468078,0.759796364,0.763636364,0.752,4,4,5,4,3,2,3,5,3,4,3,5,4,3,4,0,0,0,1,5,1,1,5,5,5,5
4,0,0.14,0.033677064,0.187096328,0.699064286,0.705,0.687012987,1,1,1,1,1,1,1,1,1,1,1,0,0,0,0,0,0,0,1,1,1,1,1,1,1,1
3,1,0.05,0.325885743,0.814403951,0.668053223,0.714049587,0.574666667,4,5,4,5,3,3,4,5,5,5,3,5,4,0,0,0,0,0,1,1,1,5,5,4,5,4
2,1,0.29,0,0.217500001,0.522427083,0.5421875,0.502666667,1,1,1,1,1,1,1,1,1,1,1,0,0,0,0,0,0,0,1,1,1,1,1,1,1,1
3,1,0.21,0.22974281,0.807339251,0.77000562,0.783471074,0.742666667,4,4,4,3,3,2,3,4,2,2,3,4,3,4,5,4,4,0,1,1,1,1,5,4,5,5
3,1,0.33,0.175248921,0.749416113,0.708324959,0.667768595,0.790666667,5,4,4,4,3,2,4,4,4,3,3,4,4,0,0,0,0,0,2,4,1,1,5,5,3,2
3,1,0.33,-0.000544566,0.253163993,0.631526942,0.614876033,0.665333333,4,3,4,2,3,2,1,4,4,2,3,3,3,0,0,0,0,0,2,4,1,1,2,5,5,2
2,0,0.25,0,0.194117635,0.544958333,0.53125,0.558666667,1,1,1,1,1,1,1,1,1,1,1,0,0,0,0,0,0,0,1,1,1,1,1,1,1,1
2,1,0.23,0.155267686,0.653169215,0.669552083,0.7484375,0.590666667,3,3,4,1,1,4,3,5,4,4,3,4,5,4,4,5,1,1,5,3,4,3,4,3,4,3
3,1,0.21,0.248969778,0.819356143,0.73190843,0.775206612,0.644,5,3,4,3,2,3,3,4,3,3,3,5,4,5,5,4,4,3,4,1,1,3,3,3,5,4
3,0,0.15,0.06614095,0.274688452,0.713635702,0.747933884,0.644,5,3,4,3,2,3,2,4,3,2,3,3,3,3,4,3,3,3,1,1,1,1,2,4,5,4
2,1,0.16,-0.029905554,0.117618054,0.737171875,0.70234375,0.772,0,0,0,0,0,0,0,0,0,0,0,0,0,0,0,0,0,0,0,0,0,0,0,0,0,0
3,0,0.3,0.037085198,0.317712992,0.732658843,0.697520661,0.804,3,4,1,3,4,2,2,4,2,4,3,5,5,2,1,4,4,4,5,1,1,1,5,2,4,3
3,0,0.2,-0.031030513,0.136211857,0.729495868,0.776859504,0.633333333,4,2,3,3,3,3,2,4,3,2,3,0,0,0,0,0,0,0,1,1,1,1,1,5,2,2
3,0,0.1,0.061537653,0.205125511,0.675058182,0.681818182,0.661333333,5,5,5,1,2,2,2,4,3,2,3,3,3,0,0,0,0,0,3,1,1,1,5,4,5,2
3,1,0.22,0.172169313,0.69042325,0.675058182,0.681818182,0.661333333,5,5,5,5,3,2,2,4,3,2,3,3,3,0,0,0,0,0,3,1,1,1,5,4,5,2
3,1,0.33,0.092377886,0.525387526,0.675058182,0.681818182,0.661333333,5,5,5,2,3,2,2,4,3,2,3,3,3,0,0,0,0,0,3,1,1,1,5,4,5,2
3,0,0.2,-0.050733209,0.111583494,0.755392066,0.811570248,0.641333333,2,2,2,2,4,2,1,4,3,3,3,4,4,3,2,4,4,3,2,2,1,1,4,4,4,2
3,1,0.15,-0.013633315,0.132958367,0.564804298,0.552066116,0.590666667,3,2,4,2,2,2,1,3,3,2,3,3,3,3,4,0,0,0,1,1,1,1,2,4,5,4
3,0,0.1,0.092907675,0.309692264,0.59466876,0.833057851,0.110666667,4,3,4,4,3,4,2,4,3,2,3,4,3,4,4,4,3,3,5,1,1,1,1,5,3,2
3,0,0.07,-0.089271143,0.05480228,0.714438017,0.852892562,0.433333333,4,2,2,1,2,3,1,4,2,2,3,4,4,4,4,0,0,0,1,1,1,1,1,5,3,2
3,1,0.15,0.26449585,0.815309882,0.732106116,0.770247934,0.654666667,5,4,4,4,2,2,2,5,3,3,3,4,4,4,4,0,0,0,4,1,1,5,4,3,5,4
2,0,0.21,-0.036545318,0.133894667,0.66484375,0.7296875,0.6,0,0,0,0,0,0,0,0,0,0,0,0,0,0,0,0,0,0,0,0,0,0,0,0,0,0
2,0,0.1,-0.04456624,0.088301793,0.520697917,0.6640625,0.377333333,0,0,0,0,0,0,0,0,0,0,0,0,0,0,0,0,0,0,0,0,0,0,0,0,0,0
3,1,0.25,0.347493798,0.885933638,0.672008926,0.761983471,0.489333333,5,4,4,4,4,5,4,4,3,2,3,5,3,5,5,0,0,0,5,4,1,2,2,3,4,3
2,1,0.25,0,0.194117635,0.610979167,0.740625,0.481333333,1,1,1,1,1,2,1,1,1,2,1,1,1,1,1,1,1,1,1,1,1,1,1,1,1,1
3,NA(),0.22,0.069799103,0.349372178,0.76949124,0.766942149,0.774666667,3,1,2,2,4,2,1,4,2,3,3,5,4,4,4,4,4,3,1,1,1,1,4,4,5,4
3,0,0.33,0.011810632,0.280023128,0.610209256,0.619834711,0.590666667,4,3,4,3,3,2,2,4,2,2,3,3,3,3,3,3,3,3,2,4,1,1,2,3,3,3
2,0,0.1,-0.027577857,0.096391492,0.497453125,0.47890625,0.516,5,2,3,2,2,2,2,4,2,2,3,3,3,3,3,0,0,0,1,1,1,1,4,5,4,2
3,1,0.75,0.244259268,0.889506161,0.75698843,0.775206612,0.72,4,4,4,3,3,3,3,4,3,4,3,4,3,3,3,4,4,3,5,3,1,2,5,4,5,5
3,1,0.14,0.156103596,0.590517998,0.686384463,0.680991736,0.697333333,4,2,3,3,4,3,4,4,2,4,3,4,4,4,4,3,4,4,1,2,1,3,5,4,2,3
3,1,0.31,0.129715607,0.627475917,0.712962975,0.720661157,0.697333333,4,3,3,4,3,2,2,4,2,3,3,4,4,4,4,2,4,3,3,1,2,2,3,4,5,4
2,0,0.1,0.127121389,0.423737973,0.75475,0.7375,0.772,5,4,4,4,1,2,3,4,3,2,3,0,0,0,0,0,0,0,5,1,1,1,5,4,5,5
3,0,0.05,-0.042249113,0.068721339,0.726509421,0.748760331,0.681333333,3,3,2,1,2,2,1,4,3,2,3,4,4,3,3,0,0,0,1,1,1,1,1,5,5,5
3,1,0.15,0.086520202,0.338400692,0.427158678,0.568595041,0.14,4,3,5,4,3,2,3,4,2,2,3,0,0,0,0,0,0,0,5,1,1,1,4,5,3,5
3,1,0.15,0.094946168,0.366487235,0.482016198,0.634710744,0.172,4,3,5,4,3,2,3,4,2,2,3,0,0,0,0,0,0,0,5,1,1,1,4,5,3,5
3,0,0.15,-0.01570503,0.13036871,0.463704132,0.623140496,0.14,3,2,3,3,3,2,2,3,2,2,3,0,0,0,0,0,0,0,4,1,1,1,3,3,3,5
3,1,0.51,0.371394873,0.929769814,0.80484,0.8,0.814666667,5,4,5,4,5,2,2,4,2,5,3,5,5,5,5,0,0,0,1,5,1,2,5,2,4,3
3,0,0.43,0.092681147,0.573677063,0.742033719,0.800826446,0.622666667,4,5,3,2,2,2,1,4,2,1,3,4,2,4,3,4,4,1,3,4,1,1,4,4,5,4
2,1,0.34,0.094028555,0.535378098,0.719927083,0.8171875,0.622666667,4,5,3,2,2,2,1,4,2,1,3,4,2,4,3,4,4,1,3,4,1,1,4,4,5,4
2,0,0.31,0.094028555,0.519446969,0.719927083,0.8171875,0.622666667,4,5,3,2,2,2,1,4,2,1,3,4,2,4,3,4,4,1,3,4,1,1,4,4,5,4
3,0,0.15,-0.009411534,0.138235584,0.731315372,0.790082645,0.612,3,2,2,3,3,2,1,4,2,4,3,4,4,0,0,0,0,0,3,1,1,2,2,5,4,4
3,NA(),0.45,0.402120829,0.936985016,0.877015868,0.876859504,0.877333333,4,4,4,4,5,2,4,5,4,4,3,4,4,4,4,0,0,0,1,1,1,1,5,4,4,5
3,0,0.07,0.044364046,0.146705061,0.777515372,0.790082645,0.752,3,3,2,3,3,2,2,4,2,3,3,4,4,3,3,4,3,4,1,1,1,1,1,5,5,5
3,1,0.3,0.069175519,0.397938818,0.638818843,0.597520661,0.722666667,4,3,5,3,3,2,2,4,2,3,3,3,3,3,3,0,0,0,2,4,1,1,4,4,5,3
3,1,0.12,0.048128549,0.195160687,0.717273719,0.700826446,0.750666667,4,3,3,1,3,2,2,3,2,2,3,4,3,4,3,0,0,0,1,1,1,2,5,4,5,5
2,1,0.33,0.077077828,0.469903618,0.737348958,0.73203125,0.742666667,4,3,1,1,1,3,4,5,5,4,4,5,5,4,4,5,1,1,5,3,4,3,4,3,4,3
3,0,0.21,0.137513191,0.59768188,0.758614545,0.745454545,0.785333333,3,4,3,1,3,2,2,3,2,2,3,4,4,4,4,0,0,0,1,1,1,2,5,5,5,5
2,0,0.15,0,0.150000006,0.565510417,0.5296875,0.601333333,1,1,1,1,1,1,1,1,1,1,1,0,0,0,0,0,0,0,1,1,1,1,1,1,1,1
3,0,0.26,0.04909496,0.319708228,0.683695537,0.719008264,0.612,4,2,4,2,2,1,2,5,2,2,3,3,3,3,3,0,0,0,3,4,1,1,4,5,4,5
3,1,0.2,0.159376651,0.648441613,0.73542843,0.775206612,0.654666667,4,3,3,2,3,3,3,4,2,4,3,4,4,4,4,4,4,4,1,3,1,1,2,4,4,4
3,1,0.15,0.253127635,0.80820477,0.601400661,0.715702479,0.369333333,5,4,3,5,3,5,5,4,5,3,3,5,5,0,0,0,0,0,1,1,1,3,1,5,5,2
2,0,0.14,-0.045622718,0.095417753,0.702875,0.79375,0.612,0,0,0,0,0,0,0,0,0,0,0,0,0,0,0,0,0,0,0,0,0,0,0,0,0,0
3,0,0.1,0.011970124,0.139962658,0.641999669,0.74214876,0.438666667,5,4,4,1,3,2,2,4,3,2,3,3,3,0,0,0,0,0,1,1,1,1,2,3,5,2
3,1,0.33,0.060337726,0.398344338,0.662781818,0.618181818,0.753333333,4,4,4,3,3,3,3,3,2,2,3,0,0,0,0,0,0,0,5,2,1,1,5,2,5,2
3,0,0.21,0.054045409,0.292613506,0.660250248,0.59338843,0.796,4,4,4,3,3,3,3,3,2,2,3,0,0,0,0,0,0,0,5,2,1,1,1,5,5,2
3,0,0.08,0.0552263,0.171532869,0.616152397,0.669421488,0.508,4,3,5,2,3,2,1,4,5,2,3,4,3,3,3,0,0,0,1,1,4,4,1,5,4,4
3,0,0.16,-0.096521869,0.074989587,0.65735405,0.658677686,0.654666667,2,2,2,3,3,4,2,4,2,4,3,3,2,0,0,0,0,0,1,1,1,1,4,4,2,3
3,0,0.15,-0.020330314,0.124587111,0.664276033,0.705785124,0.58,5,3,3,1,3,2,2,3,3,2,3,4,0,2,2,0,0,0,5,1,1,1,4,2,5,5
3,1,0.33,0.141471207,0.666138411,0.657244628,0.609917355,0.753333333,4,3,4,4,3,2,2,4,3,2,3,0,0,0,0,0,0,0,1,4,1,1,5,4,5,4
3,1,0.31,0.167226002,0.72250247,0.672866777,0.585950413,0.849333333,4,3,4,3,2,2,2,4,2,4,3,4,4,4,4,0,0,0,1,1,1,1,4,4,5,5
3,1,0.43,0.048325405,0.461592138,0.664709752,0.60661157,0.782666667,4,3,2,4,5,2,3,3,2,2,3,4,3,3,3,0,0,0,1,1,1,1,5,4,4,3
3,1,0.49,0.230965227,0.835436344,0.66533686,0.550413223,0.898666667,4,4,5,5,3,3,4,5,5,5,3,3,3,3,3,3,3,3,5,5,2,3,4,5,5,3
3,NA(),0.36,0.049779013,0.394447535,0.644669421,0.748760331,0.433333333,5,4,4,4,3,3,3,3,3,2,3,5,4,3,3,3,3,3,1,1,2,3,4,3,2,1
3,0,0.1,-0.04756745,0.086872645,0.721656529,0.892561983,0.374666667,4,3,4,2,3,2,1,3,2,2,3,4,3,2,3,0,0,0,3,1,1,1,1,5,3,4
2,0,0.15,0.05583065,0.245230436,0.707354167,0.809375,0.605333333,4,2,2,4,4,2,1,3,2,3,3,4,4,3,4,4,4,4,1,1,1,1,2,5,3,2
3,0,0.5,0.234932452,0.839237452,0.806115372,0.790082645,0.838666667,4,3,4,4,4,4,2,4,2,5,3,4,4,3,3,0,0,0,4,1,1,1,4,5,4,4
3,0,0.25,0.034645215,0.274113029,0.719261157,0.702479339,0.753333333,4,2,2,2,4,2,2,4,2,5,3,4,3,3,3,0,0,0,4,4,1,1,4,5,4,4
3,1,0.65,0.172992185,0.812408388,0.777757686,0.795041322,0.742666667,4,2,3,3,4,2,2,4,2,2,3,4,4,4,4,0,0,0,4,4,1,1,5,5,4,4
3,NA(),0.48,0.011123253,0.408219069,0.690695207,0.661157025,0.750666667,4,3,4,3,3,2,2,5,2,5,3,4,5,3,3,3,3,3,1,1,2,3,5,1,4,1
2,1,0.6,-0.077489756,0.417871833,0.760078125,0.66015625,0.86,4,1,4,1,2,2,1,2,2,2,3,3,2,3,4,0,0,0,1,1,1,1,5,1,4,4
2,1,0.2,0,0.175000012,0.631765625,0.61953125,0.644,1,1,1,1,1,1,1,1,1,1,1,0,0,0,0,0,0,0,1,1,1,1,1,1,1,1
3,NA(),0.11,0.213724747,0.727111638,0.590424132,0.623140496,0.524,5,4,4,2,4,3,4,5,4,5,3,5,5,4,4,0,0,0,4,1,1,1,1,5,4,4
2,0,0.07,0.046103768,0.148879707,0.477864583,0.7890625,0.166666667,3,4,3,3,3,2,2,3,2,3,0,0,0,0,0,0,0,0,1,3,1,1,5,5,4,5
3,NA(),0.05,0,0.088372089,0.574169587,0.67768595,0.364,5,2,4,1,2,2,1,3,2,2,1,5,3,3,3,3,3,3,1,1,1,1,1,5,1,5
3,1,0.32,0.163613647,0.718127728,0.683852893,0.656198347,0.74,4,4,3,4,5,2,2,4,2,2,3,0,0,0,0,0,0,0,1,2,1,1,5,4,3,3
3,0,0.15,0.075296693,0.300989002,0.640031405,0.695867769,0.526666667,5,4,1,4,3,3,2,4,3,2,3,0,0,0,0,0,0,0,5,5,2,3,1,5,5,2
3,0,0.39,-0.115109347,0.155474544,0.680451901,0.682644628,0.676,3,2,1,2,3,2,1,4,2,2,3,3,3,2,2,0,0,0,5,5,1,1,5,1,4,4
3,0,0.13,-0.020863827,0.113920212,0.645448595,0.604132231,0.729333333,4,3,2,3,3,2,2,3,2,3,3,3,3,3,3,3,3,3,2,1,1,1,2,5,4,5
3,1,0.2,0.153349608,0.633374035,0.580042645,0.662809917,0.412,4,4,3,4,5,4,4,3,2,2,3,0,0,0,0,0,0,0,1,1,1,1,1,5,3,4
2,0,0.12,-0.033215791,0.097516283,0.604625,0.78125,0.428,4,3,2,3,4,2,2,3,2,2,3,0,0,0,0,0,0,0,0,0,0,0,0,0,0,0
3,0,0.16,0.123315178,0.47105059,0.791669752,0.80661157,0.761333333,4,4,4,2,3,2,2,3,2,2,3,4,4,4,4,4,4,4,1,1,1,1,5,5,4,4
3,1,0.15,0.139963642,0.524818182,0.7978,0.8,0.793333333,4,3,4,1,4,2,2,3,2,2,3,4,4,4,4,4,4,4,4,4,1,1,5,4,4,4
2,1,0.45,-0.032188132,0.305112481,0.661197917,0.6890625,0.633333333,0,0,0,0,0,0,0,0,0,0,0,0,0,0,0,0,0,0,0,0,0,0,0,0,0,0
2,1,0.4,-0.057501372,0.204164386,0.809947917,0.8265625,0.793333333,0,0,0,0,0,0,0,0,0,0,0,0,0,0,0,0,0,0,0,0,0,0,0,0,0,0
4,1,0.2,0.20230253,0.755756319,0.718740476,0.798333333,0.557142857,4,3,5,4,4,2,1,3,2,2,3,4,3,3,3,3,3,3,1,1,1,1,1,5,4,4
4,0,0.14,0.008413417,0.155516773,0.741135714,0.755,0.712987013,0,0,0,0,0,0,0,0,0,0,0,0,0,0,0,0,0,0,0,0,0,0,0,0,0,0
3,0,0.16,0.08115571,0.330519021,0.82834281,0.791735537,0.902666667,4,2,3,3,3,2,2,4,2,4,3,4,3,3,3,5,3,3,3,4,1,1,5,4,4,4
2,1,0.16,-0.045075364,0.099487923,0.76628125,0.7765625,0.756,0,0,0,0,0,0,0,0,0,0,0,0,0,0,0,0,0,0,0,0,0,0,0,0,0,0
2,1,0.08,-0.024323359,0.089470118,0.461208333,0.64375,0.278666667,0,0,0,0,0,0,0,0,0,0,0,0,0,0,0,0,0,0,0,0,0,0,0,0,0,0
3,0,0.23,0.104081996,0.474377751,0.699386777,0.685950413,0.726666667,4,4,3,3,4,2,2,4,3,3,3,0,0,0,0,0,0,0,1,1,1,1,5,4,5,4
2,0,0.1512,0.074550763,0.299745917,0.56478125,0.7015625,0.428,0,0,0,0,0,0,0,0,0,0,0,0,0,0,0,0,0,0,0,0,0,0,0,0,0,0
2,0,0.14,-0.023031976,0.116210029,0.573375,0.71875,0.428,0,0,0,0,0,0,0,0,0,0,0,0,0,0,0,0,0,0,0,0,0,0,0,0,0,0
2,0,0.23,-0.058335625,0.11646311,0.726125,0.75625,0.696,0,0,0,0,0,0,0,0,0,0,0,0,0,0,0,0,0,0,0,0,0,0,0,0,0,0
3,0,0.13,-0.050465502,0.091206893,0.653644959,0.567768595,0.828,3,3,3,1,3,2,1,3,2,4,3,3,2,3,3,0,0,0,1,1,1,2,1,5,4,5
2,0,0.19,-0.027851546,0.13518557,0.777520833,0.684375,0.870666667,4,2,2,4,4,3,2,4,2,3,3,4,5,4,4,0,0,0,1,3,1,1,5,2,3,3
3,1,0.21,0.310050935,0.857531846,0.624558017,0.752892562,0.364,5,4,5,5,5,2,3,4,2,2,3,5,4,4,4,5,5,4,4,1,1,2,1,5,5,5
3,1,0.18,0.151566535,0.614648759,0.661340496,0.78677686,0.406666667,4,3,3,4,5,4,2,3,2,2,3,4,3,3,3,4,4,4,4,4,1,1,1,5,5,3
2,0,0.16,0.03914566,0.20873794,0.597864583,0.7890625,0.406666667,4,3,3,1,3,2,2,4,2,2,3,4,3,4,4,4,4,4,5,5,1,1,1,5,5,3
2,1,0.20736,0.005718317,0.185045481,0.692447917,0.7515625,0.633333333,4,0,0,0,0,0,0,0,0,0,0,0,0,0,0,0,0,0,0,0,0,0,0,0,0,0
3,1,0.34,0.19554168,0.798958361,0.756627107,0.743801653,0.782666667,4,2,3,3,4,3,4,4,2,2,3,4,3,4,4,0,0,0,4,4,1,1,5,5,4,4
3,0,0.15,0.093895309,0.362984389,0.706120661,0.715702479,0.686666667,3,3,4,3,3,2,2,3,2,2,3,4,3,4,4,0,0,0,1,1,1,3,5,4,4,4
3,1,0.26,-0.034263197,0.157833487,0.710826777,0.685950413,0.761333333,2,2,2,3,5,2,2,4,2,2,3,3,3,3,3,0,0,0,1,1,1,1,4,4,4,5
2,0,0.11,0.032959461,0.171199322,0.687458333,0.65625,0.718666667,4,4,4,3,4,2,1,3,2,2,3,3,3,3,3,0,0,0,1,1,1,1,1,5,4,5
2,0,0.35,0.166265696,0.736145973,0.848458333,0.80625,0.890666667,4,4,5,5,4,4,0,3,4,0,0,0,0,0,0,0,0,0,0,0,0,0,0,0,0,0
3,1,0.46,0.290496498,0.873955905,0.769688926,0.761983471,0.785333333,4,5,4,4,5,2,2,3,2,4,3,4,3,5,4,0,0,0,1,1,1,1,5,4,5,4
3,1,0.17,0.393817723,0.901366711,0.612687603,0.730578512,0.373333333,5,5,4,5,5,5,5,4,2,3,3,4,5,5,5,0,0,0,5,5,2,4,1,5,5,3
3,1,0.17,0.171710029,0.661378443,0.694185455,0.654545455,0.774666667,4,4,4,3,4,2,2,4,2,2,3,4,4,4,4,0,0,0,5,1,1,1,5,3,4,3
3,1,0.26,0.287501186,0.849688232,0.728992066,0.811570248,0.561333333,4,5,4,4,5,5,4,4,2,2,3,4,3,3,4,0,0,0,4,5,1,2,1,1,4,3
3,1,0.19,0.165488407,0.65766257,0.652775537,0.619008264,0.721333333,3,4,4,2,4,2,2,3,2,5,3,4,4,4,4,0,0,0,1,1,1,1,5,4,5,5
3,0,0.19,0.115391612,0.4746387,0.624615537,0.619008264,0.636,3,4,4,2,4,2,2,3,2,5,3,3,3,4,4,0,0,0,1,1,1,1,5,4,5,5
3,1,0.65,0.120730728,0.754307628,0.720002975,0.720661157,0.718666667,4,3,3,4,5,2,2,3,3,2,3,3,3,3,3,0,0,0,1,1,1,1,5,5,5,4
2,0,0.21,0.134277657,0.582274556,0.667416667,0.6375,0.697333333,4,3,3,3,3,2,3,4,2,5,3,4,4,4,4,0,0,0,2,1,1,1,4,4,4,4
3,1,0.31,0.134410188,0.639513314,0.702362645,0.662809917,0.782666667,4,3,4,3,3,2,1,4,2,5,3,4,4,4,4,0,0,0,2,1,1,1,4,4,4,4
3,1,0.26,0.177105978,0.722764969,0.751684959,0.867768595,0.516,5,4,4,3,5,2,1,3,2,2,3,4,4,4,4,0,0,0,1,4,1,1,1,5,4,4
2,0,0.11,0.146944121,0.499813735,0.7215625,0.703125,0.74,3,3,3,3,5,2,2,4,2,2,3,4,0,0,0,4,3,3,5,5,4,5,5,4,0,0
3,1,0.31,0.082426943,0.473461628,0.597785124,0.596694215,0.6,4,3,4,3,5,2,1,3,2,2,3,0,0,0,0,0,0,0,1,3,1,1,5,5,5,4
3,1,0.4,0.218253419,0.818835616,0.759751736,0.753719008,0.772,4,4,3,4,5,3,2,3,2,2,3,4,4,4,5,4,4,0,5,1,1,1,4,5,4,4
3,0,0.4,0.141704097,0.703408182,0.759751736,0.753719008,0.772,4,4,4,4,5,3,2,3,2,2,3,3,3,3,4,4,3,0,5,1,1,1,4,5,4,4
3,0,0.29,0.197499186,0.788747966,0.766721653,0.689256198,0.924,4,2,3,2,4,2,2,3,2,3,3,4,4,4,4,0,0,0,5,5,1,1,5,1,5,4
3,1,0.13,0.111159667,0.400532216,0.693456198,0.834710744,0.406666667,5,4,4,3,2,2,2,3,2,2,3,4,3,4,4,4,4,3,5,1,1,1,1,5,4,3
3,1,0.23,0.205744743,0.779361844,0.566753388,0.642975207,0.412,4,4,5,4,5,4,4,3,2,2,3,0,0,0,0,0,0,0,1,1,5,1,1,5,3,5
3,0,0.14,0.168790668,0.631737292,0.736516694,0.821487603,0.564,4,3,4,4,2,4,4,4,2,2,3,4,3,4,4,0,0,0,1,3,1,3,1,5,3,3
2,1,0.22,0.201185316,0.762963295,0.72117757,0.76635514,0.676,0,0,0,0,0,0,0,0,0,0,0,0,0,0,0,0,0,0,0,0,0,0,0,0,0,0
2P,0,0.24,0.112834148,0.520142257,0.762096573,0.728193146,0.796,0,0,0,0,0,0,0,0,0,0,0,0,0,0,0,0,0,0,0,0,0,0,0,0,0,0
3,1,0.24,0.130997241,0.595821857,0.54689719,0.508264463,0.625333333,4,4,4,4,4,2,4,3,2,2,3,0,0,0,0,0,0,0,1,1,1,1,5,5,4,4
3,1,0.31,0.453645945,0.933916986,0.79479438,0.816528926,0.750666667,5,4,5,5,5,4,5,4,3,4,3,4,4,5,5,0,0,0,5,1,1,1,4,5,5,2
3,1,0.34,0.235084489,0.825054169,0.760978182,0.781818182,0.718666667,4,4,2,4,4,3,4,4,2,4,3,4,4,4,3,4,5,4,5,3,1,3,1,5,5,5
2P,0,0.22,0.06498573,0.33433041,0.633161458,0.54765625,0.718666667,3,3,4,3,2,3,1,0,0,0,0,0,0,0,0,0,0,0,0,0,0,0,0,0,0,0
3,0,0.25,0.192076549,0.755191386,0.727993058,0.785123967,0.612,4,4,4,3,5,2,2,4,2,2,3,4,4,5,4,4,4,3,1,1,1,1,5,1,5,3
1,0,0.13,0,0,0.7924,0.7808,0.804,0,0,0,0,0,0,0,0,0,0,0,0,0,0,0,0,0,0,0,0,0,0,0,0,0,0
3,NA(),0,0,0.06818182,6.70E-09,0.00000001,0,0,0,0,0,0,0,0,0,0,0,0,0,0,0,0,0,0,0,0,0,0,0,0,0,0,0
3,NA(),0,0,0.06818182,6.70E-09,0.00000001,0,0,0,0,0,0,0,0,0,0,0,0,0,0,0,0,0,0,0,0,0,0,0,0,0,0,0
3,1,0.3,0.057494987,0.368737489,0.719854215,0.687603306,0.785333333,4,3,2,3,5,2,2,3,2,2,3,5,3,3,3,0,0,0,5,3,1,1,5,1,4,3
3,0,0.41,0.078198336,0.527312994,0.793963306,0.778512397,0.825333333,4,4,2,4,3,2,2,4,2,3,3,4,2,4,4,4,4,2,4,1,1,1,5,2,5,4
3,0,0.1,0.084727168,0.282423913,0.634255207,0.561157025,0.782666667,4,4,3,2,3,2,1,4,2,2,3,4,3,4,4,0,0,0,1,1,1,4,5,2,5,4
3,1,0.32,0.147224292,0.676906049,0.669035372,0.590082645,0.829333333,4,2,4,3,5,2,3,4,2,4,3,0,0,0,0,0,0,0,4,1,1,1,5,3,5,4
3,0,0.16,0.127918303,0.486394346,0.750418182,0.781818182,0.686666667,4,4,3,3,3,2,2,3,2,2,3,4,4,4,4,4,4,3,1,1,1,1,2,4,4,5
3,1,0.43,-0.038012963,0.275343537,0.729821157,0.702479339,0.785333333,3,2,2,2,5,3,1,3,2,2,3,2,3,3,3,0,0,0,3,1,1,1,4,4,4,2
